
use SIE_DB;
#Tabla Puestos
insert into puestos values(1,'Coordinador');
insert into puestos values(2,'Asistente Administrativo');
insert into puestos values(3,'Director Academico');
insert into puestos values(4,'Subdirector Academico');
insert into puestos values(5,'Jefe de Departamento');
select * from puestos;
#Tabla departamentos
insert into departamentos values(1,'Servicios Escolares');
insert into departamentos values(2,'Subireccion Academica');
insert into departamentos values(3,'Dirección Academica');
insert into departamentos values(4,'Servicio Social');
insert into departamentos values(5,'Extraescolare');
select * from departamentos;
#Tabla estatus
insert into estatus values(1,'Vigente');
insert into estatus values(2,'Baja temporal');
insert into estatus values(3,'Baja por Especial');
insert into estatus values(4,'Baja definitiva ');
insert into estatus values(5,'Egresado');
insert into estatus values(6,'Titulado');
select * from estatus;
#Tabla usuarios
insert into Usuarios values(1,'Rodrigo Salazar Amezquita','M','351-111-2391','rsalazar@gmail.com','Hola123','E','A');
insert into Usuarios values(2,'Ernesto Alvarez Perez','M','351-711-7691','ftorres@hotmail.com','Hola123','E','A');
insert into Usuarios values(3,'Rigoberto Mercado Hernandez','M','351-110-2792','rmercado@hotmail.com','Hola123','E','A');
insert into Usuarios values(4,'Maria Sanchez Amezcua','F','351-101-3291','msanchez@hotmail.com','Hola123','E','A');
insert into Usuarios values(5,'Rosa Molina Ochoa','F','352-112-5691','rmolina@hotmail.com','Hola123','E','A');
insert into Usuarios values(6,'Rodolfo Aviles Ramirez','M','352-125-9184','raviles@hotmail.com','Hola123','E','A');
insert into Usuarios values(7,'Adriana Mendoza Peña','F','352-167-2691','amendoza@hotmail.com','Hola123','E','A');
insert into Usuarios values(8,'Hugo Paz Chavez','M','354-121-1391','hpaz@hotmail.com','Hola123','E','A');
insert into Usuarios values(9,'Manuel Guerra Arellano','M','354-311-1491','mguerra@hotmail.com','Hola123','E','A');
insert into Usuarios values(10,'Gloria Anaya Constantino','F','357-191-2341','ganaya@hotmail.com','Hola123','E','A');
insert into Usuarios values(11,'Pedro Cuevas Santos','M','355-111-2391','pcuevas@hotmail.com','Hola123','E','A');
insert into Usuarios values(12,'Armando Baez Perez','M','355-223-3192','abaez@hotmail.com','Hola123','E','A');
insert into Usuarios values(13,'Adolfo Santos Mendez','M','356-111-2292','asantos@hotmail.com','Hola123','E','A');
insert into Usuarios values(14,'Alfredo Bautista Olivos','M','356-345-9891','abautista@hotmail.com','Hola123','E','A');
insert into Usuarios values(15,'Victor Sotelo Tarelo','M','356-390-2678','vsotelo@hotmail.com','Hola123','E','A');
insert into Usuarios values(16,'Sandra Salas Figueroa','F','357-901-2381','ssalas@hotmail.com','Hola123','E','A');
insert into Usuarios values(17,'Eduardo Sanchez Ochoa','M','357-786-2390','esanchez@hotmail.com','Hola123','E','A');
insert into Usuarios values(18,'Benjamin Tarelo Martinez','M','357-181-2376','btarelo@hotmail.com','Hola123','E','A');
insert into Usuarios values(19,'Kevin Salazar Cuevas','M','352-546-2310','ksalazar@hotmail.com','Hola123','E','A');
insert into Usuarios values(20,'Gabriela Bejar Casillas','F','354-567-3191','gbejar@hotmail.com','Hola123','E','A');
insert into Usuarios values(21,'Gildardo Castel Reyes','M','354-545-3161','gcastel@hotmail.com','Hola123','E','A');
insert into Usuarios values(22,'Juan Valente Sandoval','M','351-145-3218','jvsandoval@hotmail.com','Hola123','E','A');
insert into Usuarios values(23,'Ricardo Sanchez Perez','M','351-589-3190','ricaSanchez@hotmail.com','Hola123','E','A');
insert into Usuarios values(24,'Gildardo Hernandez Vazquez','M','352-155-3117','gilH@hotmail.com','Hola123','E','A');
insert into Usuarios values(25,'Hugo Villa Clemente','M','353-135-3257','hvilla@hotmail.com','Hola123','E','A');
insert into Usuarios values(26,'Felipe Santos Torres','M','356-891-1267','felipeSantos@hotmail.com','Hola123','E','A');
insert into Usuarios values(27,'Oscar Perez Martinez','M','123-456-1234','operez@hotmail.com','Hola123','E','A');
insert into Usuarios values(28,'Bruno Acevedo Vaca','M','351-121-6714','bacevedo@hotmail.com','Hola123','E','A');
insert into Usuarios values(29,'Rafael Conrado Villaseñor','M','351-105-4648','rconrado@hotmail.com','Hola123','E','A');
insert into Usuarios values(30,'Pedro Barajas Guerra','M','351-187-4628','pbarajas@hotmail.com','Hola123','E','A');
insert into Usuarios values(31,'Bardo Perez Cruz','M','351-190-4718','bperez@hotmail.com','Hola123','E','A');
insert into Usuarios values(32,'Arturo Carmona Diaz','M','351-115-4198','acarmona@hotmail.com','Hola123','E','A');
insert into Usuarios values(33,'Luis Ixta Vaca','M','351-135-4598','lixta@hotmail.com','Hola123','E','A');
insert into Usuarios values(34,'Ricardo Barajas Guerra','M','351-111-8398','rbarajas@hotmail.com','Hola123','E','A');
insert into Usuarios values(35,'Manuel Arellano Vaca','M','351-145-4798','marellano@hotmail.com','Hola123','E','A');
insert into Usuarios values(36,'Pedro Arsola Velazques','M','351-845-1111','parsola@hotmail.com','Hola123','E','A');
insert into Usuarios values(37,'Sergio Alvarez Ayala','M','352-831-8214','salvarez@hotmail.com','Hola123','E','A');
insert into Usuarios values(38,'Reynaldo Alvarez Martinez','M','351-124-4678','ralvarez@hotmail.com','Hola123','E','A');
insert into Usuarios values(39,'Rodolfo Ortiz Prado','M','351-908-8343','rortiz@hotmail.com','Hola123','E','A');
insert into Usuarios values(40,'José Vazquez Soto','M','351-812-8243','jvazquez@hotmail.com','Hola123','E','A');
insert into Usuarios values(41,'Rocio Acevedo Bautista','F','351-145-3456','racevedo@hotmail.com','Hola123','E','A');
insert into Usuarios values(42,'Ana Torres Gomez','F','351-105-2694','atorres@hotmail.com','Hola123','E','A');
insert into Usuarios values(43,'Jimena Gomez Sanchez','F','351-105-4623','jgomez@hotmail.com','Hola123','E','A');
insert into Usuarios values(44,'Elena Castel Prado','F','351-115-4696','ecastel@hotmail.com','Hola123','E','A');
insert into Usuarios values(45,'Lucia Mercado Perez','F','351-151-4618','lmercado@hotmail.com','Hola123','E','A');
insert into Usuarios values(46,'Guadalupe Bolaños Baez','F','351-105-1275','gbolanios@hotmail.com','Hola123','E','A');
insert into Usuarios values(47,'Gerardo Acevedo Barajas','M','351-568-4198','gacevedo@hotmail.com','Hola123','E','A');
insert into Usuarios values(48,'José Luis Acuña Acuña','M','351-105-4558','jacunia@hotmail.com','Hola123','E','A');
insert into Usuarios values(49,'Benjamin Soto Mayor','M','351-456-4699','bsoto@hotmail.com','Hola123','E','A');
insert into Usuarios values(50,'David Martinez Rodriguez','M','351-105-4123','dmartinez@hotmail.com','Hola123','E','A');
insert into Usuarios values(51,'Adrian Espinoza Villalpando','M','351-190-4398','aespinoza@hotmail.com','Hola123','D','A');
insert into Usuarios values(52,'Fernando Amezquita Otiz','M','351-105-4451','famezquita@hotmail.com','Hola123','D','A');
insert into Usuarios values(53,'Fabian Soria Granados','M','351-105-4667','fsoria@hotmail.com','Hola123','D','A');
insert into Usuarios values(54,'Omar Diaz Campos','M','351-156-4613','odiaz@hotmail.com','Hola123','D','A');
insert into Usuarios values(55,'Rafael Campos Carmona','M','351-151-7895','rcampos@hotmail.com','Hola123','D','A');
insert into Usuarios values(56,'Aldo Martinez Vargas','M','351-105-4129','amartinez@hotmail.com','Hola123','D','A');
insert into Usuarios values(57,'German Infante Vargas','M','351-192-1967','ginfante@hotmail.com','Hola123','D','A');
insert into Usuarios values(58,'Alejandro Suárez Villagomes','M','351-105-1965','asuarez@hotmail.com','Hola123','D','A');
insert into Usuarios values(59,'Pablo Licea Jaracuaro','M','351-105-1891','plicea@hotmail.com','Hola123','D','A');
insert into Usuarios values(60,'Cesar Piñon Arteaga','M','351-105-6578','cpinion@hotmail.com','Hola123','D','A');
insert into Usuarios values(61,'Julio Andrade Lopez','M','351-105-3694','jandrade@hotmail.com','Hola123','A','A');
insert into Usuarios values(62,'Julian Flores Baez','M','351-105-3782','jflores@hotmail.com','Hola123','A','A');
insert into Usuarios values(63,'Alan Acuña Sierra','M','351-105-1876','acunia@hotmail.com','Hola123','A','A');
insert into Usuarios values(64,'Humberto Salas Flores','M','351-105-3982','hsalas@hotmail.com','Hola123','A','A');
insert into Usuarios values(65,'Fernando Ochoa Perez','M','351-105-3209','fochoa@hotmail.com','Hola123','A','A');
insert into Usuarios values(66,'Andres Vega Sanchez','M','351-891-9012','avega@hotmail.com','Hola123','A','A');
insert into Usuarios values(67,'Brenda Alcala Linares','F','351-190-1728','balcala@hotmail.com','Hola123','A','A');
insert into Usuarios values(68,'Ignacio Flores Tarzo','M','351-834-1829','iflores@hotmail.com','Hola123','A','A');
insert into Usuarios values(69,'Ariadna Maravilla Ponce','F','351-123-7819','amaravilla@hotmail.com','Hola123','A','A');
insert into Usuarios values(70,'Raul Moreno Valle','M','351-718-1892','rmoreno@hotmail.com','Hola123','A','A');
insert into Usuarios values(71,'Gemma Prian Torres','F','351-189-2819','gprian@hotmail.com','Hola123','A','A');
insert into Usuarios values(72,'Lourdes Tarelo Mujica','F','351-172-1728','ltarelo@hotmail.com','Hola123','A','A');
insert into Usuarios values(73,'Alberto Diaz Castro','M','351-302-1728','adiaz@hotmail.com','Hola123','A','A');
insert into Usuarios values(74,'Minerva Flores Chavez','F','351-178-1738','mflorez@hotmail.com','Hola123','A','A');
select * from usuarios;
#Tabla Administrativos
insert into administrativos values(1,69,2,2,'A');
insert into administrativos values(2,70,3,3,'A');
insert into administrativos values(3,71,4,3,'A');
insert into administrativos values(4,72,5,2,'A');
insert into administrativos values(5,61,1,3,'A');
insert into administrativos values(6,62,1,3,'A');
insert into administrativos values(7,63,1,3,'A');
insert into administrativos values(8,64,1,3,'A');
insert into administrativos values(9,65,1,3,'A');
insert into administrativos values(10,66,1,3,'A');
insert into administrativos values(11,67,1,3,'A');
insert into administrativos values(12,68,1,3,'A');	
insert into administrativos values(13,73,1,3,'A');	
insert into administrativos values(14,74,1,3,'B');	

select * from Administrativos;
#Tabla carreras
insert into carreras values(1,'Ing. Sistemas Computacionales','ISC',260,'Redes de Computadoras','A',5);
insert into carreras values(2,'Ing. Tec. Inf. y Com.','ITIC',260,'Telecomunicaciones','A',6);
insert into carreras values(3,'Ing. Industrial','II',260,'Manufactura','A',7);
insert into carreras values(4,'Ing. en Electronica','IELEC',260,'Potencia','A',8);
insert into carreras values(5,'Ing. Industrias Alimentarias','IIA',260,'Conservacion de Alimentos','A',9);
insert into carreras values(6,'Ing. Gestion Empresarial','IGE',260,'Mercadotecnia','A',10);
insert into carreras values(7,'Contador Publico','CP',260,'Impuestos','A',11);
insert into carreras values(8,'Ing. En Innovación Agricola','IIAG',260,'Agroindustria','A',12);
insert into carreras values(9,'Licenciatura en Informatica','LI',260,'Redes de computadoras','I',14);
insert into carreras values(10,'Maestria en Sistemas Computacionales','MSC',260,'Tencnologias Web','A',13);
select * from carreras;
#Tabla Docentes
insert into docentes(noDocente,idCarrera,escolaridad,especialidad,cedula,idUsuario,estatus) values(1,1,'Maestria','MIS','1234567890',51,'A');
insert into docentes(noDocente,idCarrera,escolaridad,especialidad,cedula,idUsuario,estatus) values(2,1,'Maestria','MIS','1234567891',52,'A');
insert into docentes(noDocente,idCarrera,escolaridad,especialidad,cedula,idUsuario,estatus) values(3,1,'Maestria','MIS','1234567892',53,'A');
insert into docentes(noDocente,idCarrera,escolaridad,especialidad,cedula,idUsuario,estatus) values(4,2,'Maestria','MCC','1234567893',54,'A');
insert into docentes(noDocente,idCarrera,escolaridad,especialidad,cedula,idUsuario,estatus) values(5,2,'Maestria','MCC','1234567894',55,'A');
insert into docentes(noDocente,idCarrera,escolaridad,especialidad,cedula,idUsuario,estatus) values(6,2,'Maestria','MCC','1234567895',56,'A');
insert into docentes(noDocente,idCarrera,escolaridad,especialidad,cedula,idUsuario,estatus) values(7,3,'Maestria','MAE','1234567896',57,'A');
insert into docentes(noDocente,idCarrera,escolaridad,especialidad,cedula,idUsuario,estatus) values(8,3,'Maestria','MAE','1234567897',58,'A');
insert into docentes(noDocente,idCarrera,escolaridad,especialidad,cedula,idUsuario,estatus) values(9,3,'Maestria','MAE','1234567898',59,'A');
insert into docentes(noDocente,idCarrera,escolaridad,especialidad,cedula,idUsuario,estatus) values(10,3,'Maestria','MAE','1234567899',60,'A');
select * from Docentes;
#Tabla alumnos(nocontrol,creditos,promedio,idUsuario,idCarrera,idEstatus)
insert into alumnos(nocontrol,creditos,promedio,idUsuario,idCarrera,idEstatus) values('14010001',260,71,1,7,5);
insert into alumnos(nocontrol,creditos,promedio,idUsuario,idCarrera,idEstatus) values('14010002',260,97,2,7,5);
insert into alumnos(nocontrol,creditos,promedio,idUsuario,idCarrera,idEstatus) values('14010003',260,81,3,3,5);
insert into alumnos(nocontrol,creditos,promedio,idUsuario,idCarrera,idEstatus) values('14010004',260,76,4,1,5);
insert into alumnos(nocontrol,creditos,promedio,idUsuario,idCarrera,idEstatus) values('14010005',260,92,5,2,5);
insert into alumnos(nocontrol,creditos,promedio,idUsuario,idCarrera,idEstatus) values('14010006',260,87,6,3,5);
insert into alumnos(nocontrol,creditos,promedio,idUsuario,idCarrera,idEstatus) values('14010007',260,90,7,6,5);
insert into alumnos(nocontrol,creditos,promedio,idUsuario,idCarrera,idEstatus) values('14010008',260,77,8,1,5);
insert into alumnos(nocontrol,creditos,promedio,idUsuario,idCarrera,idEstatus) values('14010009',260,97,9,7,5);
insert into alumnos(nocontrol,creditos,promedio,idUsuario,idCarrera,idEstatus) values('14010010',260,75,10,1,5);
insert into alumnos(nocontrol,creditos,promedio,idUsuario,idCarrera,idEstatus) values('14010011',260,88,11,7,5);
insert into alumnos(nocontrol,creditos,promedio,idUsuario,idCarrera,idEstatus) values('14010012',260,95,12,5,5);
insert into alumnos(nocontrol,creditos,promedio,idUsuario,idCarrera,idEstatus) values('14010013',260,91,13,1,5);
insert into alumnos(nocontrol,creditos,promedio,idUsuario,idCarrera,idEstatus) values('14010014',260,94,14,2,5);
insert into alumnos(nocontrol,creditos,promedio,idUsuario,idCarrera,idEstatus) values('14010015',260,84,15,7,5);
insert into alumnos(nocontrol,creditos,promedio,idUsuario,idCarrera,idEstatus) values('14010016',260,76,16,7,5);
insert into alumnos(nocontrol,creditos,promedio,idUsuario,idCarrera,idEstatus) values('14010017',260,90,17,2,5);
insert into alumnos(nocontrol,creditos,promedio,idUsuario,idCarrera,idEstatus) values('14010018',260,83,18,1,5);
insert into alumnos(nocontrol,creditos,promedio,idUsuario,idCarrera,idEstatus) values('14010019',260,86,19,5,5);
insert into alumnos(nocontrol,creditos,promedio,idUsuario,idCarrera,idEstatus) values('14010020',260,89,20,5,5);
insert into alumnos(nocontrol,creditos,promedio,idUsuario,idCarrera,idEstatus) values('14010021',260,81,21,2,5);
insert into alumnos(nocontrol,creditos,promedio,idUsuario,idCarrera,idEstatus) values('14010022',260,82,22,6,5);
insert into alumnos(nocontrol,creditos,promedio,idUsuario,idCarrera,idEstatus) values('14010023',260,77,23,2,5);
insert into alumnos(nocontrol,creditos,promedio,idUsuario,idCarrera,idEstatus) values('14010024',260,99,24,3,5);
insert into alumnos(nocontrol,creditos,promedio,idUsuario,idCarrera,idEstatus) values('14010025',260,82,25,5,5);
insert into alumnos(nocontrol,creditos,promedio,idUsuario,idCarrera,idEstatus) values('14010026',260,78,26,6,5);
insert into alumnos(nocontrol,creditos,promedio,idUsuario,idCarrera,idEstatus) values('14010027',260,97,27,6,5);
insert into alumnos(nocontrol,creditos,promedio,idUsuario,idCarrera,idEstatus) values('14010028',260,89,28,1,5);
insert into alumnos(nocontrol,creditos,promedio,idUsuario,idCarrera,idEstatus) values('14010029',260,80,29,2,5);
insert into alumnos(nocontrol,creditos,promedio,idUsuario,idCarrera,idEstatus) values('14010030',260,80,30,5,5);
insert into alumnos(nocontrol,creditos,promedio,idUsuario,idCarrera,idEstatus) values('14010031',260,74,31,7,5);
insert into alumnos(nocontrol,creditos,promedio,idUsuario,idCarrera,idEstatus) values('14010032',260,78,32,7,5);
insert into alumnos(nocontrol,creditos,promedio,idUsuario,idCarrera,idEstatus) values('14010033',260,84,33,7,5);
insert into alumnos(nocontrol,creditos,promedio,idUsuario,idCarrera,idEstatus) values('14010034',260,85,34,5,5);
insert into alumnos(nocontrol,creditos,promedio,idUsuario,idCarrera,idEstatus) values('14010035',260,86,35,4,5);
insert into alumnos(nocontrol,creditos,promedio,idUsuario,idCarrera,idEstatus) values('14010036',260,89,36,1,5);
insert into alumnos(nocontrol,creditos,promedio,idUsuario,idCarrera,idEstatus) values('14010037',260,96,37,7,5);
insert into alumnos(nocontrol,creditos,promedio,idUsuario,idCarrera,idEstatus) values('14010038',260,89,38,4,5);
insert into alumnos(nocontrol,creditos,promedio,idUsuario,idCarrera,idEstatus) values('14010039',260,81,39,4,5);
insert into alumnos(nocontrol,creditos,promedio,idUsuario,idCarrera,idEstatus) values('14010040',260,82,40,6,5);
insert into alumnos(nocontrol,creditos,promedio,idUsuario,idCarrera,idEstatus) values('14010041',260,81,41,4,5);
insert into alumnos(nocontrol,creditos,promedio,idUsuario,idCarrera,idEstatus) values('14010042',260,86,42,3,5);
insert into alumnos(nocontrol,creditos,promedio,idUsuario,idCarrera,idEstatus) values('14010043',260,81,43,3,5);
insert into alumnos(nocontrol,creditos,promedio,idUsuario,idCarrera,idEstatus) values('14010044',260,93,44,3,5);
insert into alumnos(nocontrol,creditos,promedio,idUsuario,idCarrera,idEstatus) values('14010045',260,92,45,5,5);
insert into alumnos(nocontrol,creditos,promedio,idUsuario,idCarrera,idEstatus) values('14010046',260,75,46,6,5);
insert into alumnos(nocontrol,creditos,promedio,idUsuario,idCarrera,idEstatus) values('14010047',260,96,47,4,5);
insert into alumnos(nocontrol,creditos,promedio,idUsuario,idCarrera,idEstatus) values('14010048',260,88,48,6,5);
insert into alumnos(nocontrol,creditos,promedio,idUsuario,idCarrera,idEstatus) values('14010049',260,81,49,2,5);
insert into alumnos(nocontrol,creditos,promedio,idUsuario,idCarrera,idEstatus) values('14010050',260,95,50,1,5);
select * from alumnos;
